<?xml version="1.0"?>
<doc>
    <assembly>
        <name>PlateModel.Silverlight</name>
    </assembly>
    <members>
        <member name="M:PlateModel.Silverlight.Plates.Iran.Input.IRProtocolPlateInput.ValidateStandardPlate(System.String)">
            <summary>
            Validates plate string with standard Latin letters.
            </summary>
        </member>
        <member name="M:PlateModel.Silverlight.Plates.Iran.Input.IRProtocolPlateInput.InitializeComponent">
            <summary>
            InitializeComponent
            </summary>
        </member>
        <member name="M:PlateModel.Silverlight.Plates.Iran.Input.SepahPlateInput.ValidateStandardPlate(System.String)">
            <summary>
            Validates plate string with standard Latin letters.
            </summary>
        </member>
        <member name="M:PlateModel.Silverlight.Plates.Iran.Input.SepahPlateInput.InitializeComponent">
            <summary>
            InitializeComponent
            </summary>
        </member>
        <member name="M:PlateModel.Silverlight.Vectors.Flags.IranFlag.InitializeComponent">
            <summary>
            InitializeComponent
            </summary>
        </member>
        <member name="M:PlateModel.Silverlight.Plates.Iran.Input.IRNationalPlateInput.ValidatePlate(System.String)">
            <summary>
            Validates plate string with both Latin and Persian letters.
            </summary>
        </member>
        <member name="M:PlateModel.Silverlight.Plates.Iran.Input.IRNationalPlateInput.ValidateStandardPlate(System.String)">
            <summary>
            Validates plate string with standard Latin letters.
            </summary>
        </member>
        <member name="M:PlateModel.Silverlight.Plates.Iran.Input.IRNationalPlateInput.ConvertToStandard(System.String)">
            <summary>
            Converts a plate string to standard format.
            </summary>
        </member>
        <member name="M:PlateModel.Silverlight.Plates.Iran.Input.IRNationalPlateInput.InitializeComponent">
            <summary>
            InitializeComponent
            </summary>
        </member>
        <member name="M:PlateModel.Silverlight.Plates.Iran.IRFreeTradeZonePlate.InitializeComponent">
            <summary>
            InitializeComponent
            </summary>
        </member>
        <member name="M:PlateModel.Silverlight.Plates.Iran.IRHistoricalPlate.InitializeComponent">
            <summary>
            InitializeComponent
            </summary>
        </member>
        <member name="M:PlateModel.Silverlight.Plates.Iran.IRMotorcyclePlate.InitializeComponent">
            <summary>
            InitializeComponent
            </summary>
        </member>
        <member name="M:PlateModel.Silverlight.Plates.Iran.IRNationalPlate.InitializeComponent">
            <summary>
            InitializeComponent
            </summary>
        </member>
        <member name="M:PlateModel.Silverlight.Plates.Iran.IRProtocolPlate.InitializeComponent">
            <summary>
            InitializeComponent
            </summary>
        </member>
        <member name="M:PlateModel.Silverlight.Plates.Iran.SepahPlate.InitializeComponent">
            <summary>
            InitializeComponent
            </summary>
        </member>
        <member name="M:PlateModel.Silverlight.Vectors.Iran.DisabledPerson.InitializeComponent">
            <summary>
            InitializeComponent
            </summary>
        </member>
        <member name="M:PlateModel.Silverlight.Vectors.Iran.NationalPlateIranSymbol.InitializeComponent">
            <summary>
            InitializeComponent
            </summary>
        </member>
    </members>
</doc>
